ubuntu@ip-10-2-11-48:~$ mysql -h secondaryreplicate.cwxh7sdupakx.us-west-2.rds.a                                                                                                                                                             mazonaws.com -u admin udacity  -D admin123456 -p
Enter password:
Reading table information for completion of table and column names
You can turn off this feature to get a quicker startup with -A

Welcome to the MySQL monitor.  Commands end with ; or \g.
Your MySQL connection id is 25
Server version: 8.0.35 Source distribution

Copyright (c) 2000, 2024, Oracle and/or its affiliates.

Oracle is a registered trademark of Oracle Corporation and/or its
affiliates. Other names may be trademarks of their respective
owners.

Type 'help;' or '\h' for help. Type '\c' to clear the current input statement.

mysql> select * from employees;
ERROR 1146 (42S02): Table 'udacity.employees' doesn't exist
mysql> select * from Employees;
+------------+----------+-----------+----------+--------+
| EmployeeID | LastName | FirstName | Address  | City   |
+------------+----------+-----------+----------+--------+
|          1 | Zane     | James     | New York | Ha Noi |
+------------+----------+-----------+----------+--------+
1 row in set (0.00 sec)

mysql> INSERT INTO Employees VALUES (2, 'David', 'Tom', 'New York', 'Ha Noi');
Query OK, 1 row affected (0.02 sec)

mysql> select * from Employees;
+------------+----------+-----------+----------+--------+
| EmployeeID | LastName | FirstName | Address  | City   |
+------------+----------+-----------+----------+--------+
|          1 | Zane     | James     | New York | Ha Noi |
|          2 | David    | Tom       | New York | Ha Noi |
+------------+----------+-----------+----------+--------+
2 rows in set (0.00 sec)

mysql>
